Country,Year,Type,GamesUrl,Disciplines,DisciplinesList,Date,Athletes,Countries,Events,City
Greece,1896,summergames,https://www.olympic.org/athens-1896,10,"['Athletics', 'Cycling Road', 'Cycling Track', 'Fencing', 'Gymnastics Artistic', 'Shooting', 'Swimming', 'Tennis', 'Weightlifting', 'Wrestling Greco-Roman']",06 Apr - 15 Apr,241,14,43,Athens 
France,1900,summergames,https://www.olympic.org/paris-1900,20,"['Archery', 'Athletics', 'Basque Pelota', 'Cricket', 'Croquet', 'Cycling Track', 'Equestrian  Jumping', 'Fencing', 'Football', 'Golf', 'Gymnastics Artistic', 'Polo', 'Rowing', 'Rugby', 'Sailing', 'Shooting', 'Swimming', 'Tennis', 'Tug of War', 'Water Polo']",14 May - 28 Oct,997,24,95,Paris 
United States,1904,summergames,https://www.olympic.org/st-louis-1904,19,"['Archery', 'Athletics', 'Basketball', 'Boxing', 'Cycling Track', 'Diving', 'Fencing', 'Football', 'Golf', 'Gymnastics Artistic', 'Lacrosse', 'Roque', 'Rowing', 'Swimming', 'Tennis', 'Tug of War', 'Water Polo', 'Weightlifting', 'Wrestling Freestyle']",01 Jul - 23 Nov,651,12,95,St Louis 
United Kingdom,1908,summergames,https://www.olympic.org/london-1908,25,"['Archery', 'Athletics', 'Boxing', 'Cycling Track', 'Diving', 'Fencing', 'Figure skating', 'Football', 'Gymnastics Artistic', 'Hockey', 'Jeu de Paume', 'Lacrosse', 'Polo', 'Rackets', 'Rowing', 'Rugby', 'Sailing', 'Shooting', 'Swimming', 'Tennis', 'Tug of War', 'Water Motorsports', 'Water Polo', 'Wrestling Freestyle', 'Wrestling Greco-Roman']",27 Apr - 31 Oct,2008,22,110,London 
Sweden,1912,summergames,https://www.olympic.org/stockholm-1912,18,"['Athletics', 'Cycling Road', 'Diving', 'Equestrian  Dressage', 'Equestrian  Eventing', 'Equestrian  Jumping', 'Fencing', 'Football', 'Gymnastics Artistic', 'Modern Pentathlon', 'Rowing', 'Sailing', 'Shooting', 'Swimming', 'Tennis', 'Tug of War', 'Water Polo', 'Wrestling Greco-Roman']",05 May - 27 Jul,2407,28,102,Stockholm 
Belgium,1920,summergames,https://www.olympic.org/antwerp-1920,29,"['Archery', 'Athletics', 'Boxing', 'Cycling Road', 'Cycling Track', 'Diving', 'Equestrian  Dressage', 'Equestrian  Eventing', 'Equestrian  Jumping', 'Equestrian  Vaulting', 'Fencing', 'Figure skating', 'Football', 'Gymnastics Artistic', 'Hockey', 'Ice Hockey', 'Modern Pentathlon', 'Polo', 'Rowing', 'Rugby', 'Sailing', 'Shooting', 'Swimming', 'Tennis', 'Tug of War', 'Water Polo', 'Weightlifting', 'Wrestling Freestyle', 'Wrestling Greco-Roman']",20 Apr - 12 Sep,2622,29,156,Antwerp 
France,1924,wintergames,https://www.olympic.org/chamonix-1924,9,"['Bobsleigh', 'Cross Country Skiing', 'Curling', 'Figure skating', 'Ice Hockey', 'Military Patrol', 'Nordic Combined', 'Ski Jumping', 'Speed skating']",25 Jan - 05 Feb,258,16,16,Chamonix 
France,1924,summergames,https://www.olympic.org/paris-1924,23,"['Athletics', 'Boxing', 'Cycling Road', 'Cycling Track', 'Diving', 'Equestrian  Dressage', 'Equestrian / Eventing', 'Equestrian / Jumping', 'Fencing', 'Football', 'Gymnastics Artistic', 'Modern Pentathlon', 'Polo', 'Rowing', 'Rugby', 'Sailing', 'Shooting', 'Swimming', 'Tennis', 'Water Polo', 'Weightlifting', 'Wrestling Freestyle', 'Wrestling Greco-Roman']",04 May - 27 Jul,3088,44,126,Paris 
Switzerland,1928,wintergames,https://www.olympic.org/st-moritz-1928,8,"['Bobsleigh', 'Cross Country Skiing', 'Figure skating', 'Ice Hockey', 'Nordic Combined', 'Skeleton', 'Ski Jumping', 'Speed skating']",11 Feb - 19 Feb,464,25,14,St. Moritz 
Netherlands,1928,summergames,https://www.olympic.org/amsterdam-1928,20,"['Athletics', 'Boxing', 'Cycling Road', 'Cycling Track', 'Diving', 'Equestrian  Dressage', 'Equestrian  Eventing', 'Equestrian  Jumping', 'Fencing', 'Football', 'Gymnastics Artistic', 'Hockey', 'Modern Pentathlon', 'Rowing', 'Sailing', 'Swimming', 'Water Polo', 'Weightlifting', 'Wrestling Freestyle', 'Wrestling Greco-Roman']",17 May - 12 Aug,2883,46,109,Amsterdam 
United States,1932,summergames,https://www.olympic.org/los-angeles-1932,20,"['Athletics', 'Boxing', 'Cycling Road', 'Cycling Track', 'Diving', 'Equestrian  Dressage', 'Equestrian  Eventing', 'Equestrian  Jumping', 'Fencing', 'Gymnastics Artistic', 'Hockey', 'Modern Pentathlon', 'Rowing', 'Sailing', 'Shooting', 'Swimming', 'Water Polo', 'Weightlifting', 'Wrestling Freestyle', 'Wrestling Greco-Roman']",30 Jul - 14 Aug,1334,37,117,Los Angeles 
United States,1932,wintergames,https://www.olympic.org/lake-placid-1932,7,"['Bobsleigh', 'Cross Country Skiing', 'Figure skating', 'Ice Hockey', 'Nordic Combined', 'Ski Jumping', 'Speed skating']",04 Feb - 15 Feb,252,17,14,Lake Placid 
Germany,1936,wintergames,https://www.olympic.org/garmisch-partenkirchen-1936,8,"['Alpine Skiing', 'Bobsleigh', 'Cross Country Skiing', 'Figure skating', 'Ice Hockey', 'Nordic Combined', 'Ski Jumping', 'Speed skating']",06 Feb - 16 Feb,646,28,17,Garmisch-Partenkirchen 
Germany,1936,summergames,https://www.olympic.org/berlin-1936,25,"['Athletics', 'Basketball', 'Boxing', 'Canoe Sprint', 'Cycling Road', 'Cycling Track', 'Diving', 'Equestrian  Dressage', 'Equestrian  Eventing', 'Equestrian  Jumping', 'Fencing', 'Football', 'Gymnastics Artistic', 'Handball', 'Hockey', 'Modern Pentathlon', 'Polo', 'Rowing', 'Sailing', 'Shooting', 'Swimming', 'Water Polo', 'Weightlifting', 'Wrestling Freestyle', 'Wrestling Greco-Roman']",01 Aug - 16 Aug,3963,49,129,Berlin 
United Kingdom,1948,summergames,https://www.olympic.org/london-1948,23,"['Athletics', 'Basketball', 'Boxing', 'Canoe Sprint', 'Cycling Road', 'Cycling Track', 'Diving', 'Equestrian  Dressage', 'Equestrian  Jumping', 'Equestrian / Eventing', 'Fencing', 'Football', 'Gymnastics Artistic', 'Hockey', 'Modern Pentathlon', 'Rowing', 'Sailing', 'Shooting', 'Swimming', 'Water Polo', 'Weightlifting', 'Wrestling Freestyle', 'Wrestling Greco-Roman']",29 Jul - 14 Aug,4104,59,136,London 
Switzerland,1948,wintergames,https://www.olympic.org/st-moritz-1948,9,"['Alpine Skiing', 'Bobsleigh', 'Cross Country Skiing', 'Figure skating', 'Ice Hockey', 'Nordic Combined', 'Skeleton', 'Ski Jumping', 'Speed skating']",30 Jan - 08 Feb,669,28,22,St. Moritz 
Finland,1952,summergames,https://www.olympic.org/helsinki-1952,23,"['Athletics', 'Basketball', 'Boxing', 'Canoe Sprint', 'Cycling Road', 'Cycling Track', 'Diving', 'Equestrian  Dressage', 'Equestrian  Eventing', 'Equestrian  Jumping', 'Fencing', 'Football', 'Gymnastics Artistic', 'Hockey', 'Modern Pentathlon', 'Rowing', 'Sailing', 'Shooting', 'Swimming', 'Water Polo', 'Weightlifting', 'Wrestling Freestyle', 'Wrestling Greco-Roman']",19 Jul - 03 Aug,4955,69,149,Helsinki 
Norway,1952,wintergames,https://www.olympic.org/oslo-1952,8,"['Alpine Skiing', 'Bobsleigh', 'Cross Country Skiing', 'Figure skating', 'Ice Hockey', 'Nordic Combined', 'Ski Jumping', 'Speed skating']",14 Feb - 25 Feb,694,30,22,Oslo 
"Australia, Sweden",1956,summergames,https://www.olympic.org/melbourne-stockholm-1956,23,"['Athletics', 'Basketball', 'Boxing', 'Canoe Sprint', 'Cycling Road', 'Cycling Track', 'Diving', 'Equestrian  Dressage', 'Equestrian  Eventing', 'Equestrian  Jumping', 'Fencing', 'Football', 'Gymnastics Artistic', 'Hockey', 'Modern Pentathlon', 'Rowing', 'Sailing', 'Shooting', 'Swimming', 'Water Polo', 'Weightlifting', 'Wrestling Freestyle', 'Wrestling Greco-Roman']",22 Nov - 08 Dec,3314,72,151,Melbourne - Stockholm 
Italy,1956,wintergames,https://www.olympic.org/cortina-d-ampezzo-1956,8,"['Alpine Skiing', 'Bobsleigh', 'Cross Country Skiing', 'Figure skating', 'Ice Hockey', 'Nordic Combined', 'Ski Jumping', 'Speed skating']",26 Jan - 05 Feb,821,32,24,Cortina d'Ampezzo 
United States,1960,wintergames,https://www.olympic.org/squaw-valley-1960,8,"['Alpine Skiing', 'Biathlon', 'Cross Country Skiing', 'Figure skating', 'Ice Hockey', 'Nordic Combined', 'Ski Jumping', 'Speed skating']",18 Feb - 28 Feb,665,30,27,Squaw Valley 
Italy,1960,summergames,https://www.olympic.org/rome-1960,23,"['Athletics', 'Basketball', 'Boxing', 'Canoe Sprint', 'Cycling Road', 'Cycling Track', 'Diving', 'Equestrian  Dressage', 'Equestrian  Eventing', 'Equestrian  Jumping', 'Fencing', 'Football', 'Gymnastics Artistic', 'Hockey', 'Modern Pentathlon', 'Rowing', 'Sailing', 'Shooting', 'Swimming', 'Water Polo', 'Weightlifting', 'Wrestling Freestyle', 'Wrestling Greco-Roman']",25 Aug - 11 Sep,5338,83,150,Rome 
Austria,1964,wintergames,https://www.olympic.org/innsbruck-1964,10,"['Alpine Skiing', 'Biathlon', 'Bobsleigh', 'Cross Country Skiing', 'Figure skating', 'Ice Hockey', 'Luge', 'Nordic Combined', 'Ski Jumping', 'Speed skating']",29 Jan - 09 Feb,1091,36,34,Innsbruck 
Japan,1964,summergames,https://www.olympic.org/tokyo-1964,25,"['Athletics', 'Basketball', 'Boxing', 'Canoe Sprint', 'Cycling Road', 'Cycling Track', 'Diving', 'Equestrian  Dressage', 'Equestrian  Jumping', 'Equestrian / Eventing', 'Fencing', 'Football', 'Gymnastics Artistic', 'Hockey', 'Judo', 'Modern Pentathlon', 'Rowing', 'Sailing', 'Shooting', 'Swimming', 'Volleyball', 'Water Polo', 'Weightlifting', 'Wrestling Freestyle', 'Wrestling Greco-Roman']",10 Oct - 24 Oct,5151,93,163,Tokyo 
France,1968,wintergames,https://www.olympic.org/grenoble-1968,10,"['Alpine Skiing', 'Biathlon', 'Bobsleigh', 'Cross Country Skiing', 'Figure skating', 'Ice Hockey', 'Luge', 'Nordic Combined', 'Ski Jumping', 'Speed skating']",06 Feb - 18 Feb,1158,37,35,Grenoble 
Mexico,1968,summergames,https://www.olympic.org/mexico-1968,24,"['Athletics', 'Basketball', 'Boxing', 'Canoe Sprint', 'Cycling Road', 'Cycling Track', 'Diving', 'Equestrian  Dressage', 'Equestrian  Eventing', 'Equestrian  Jumping', 'Fencing', 'Football', 'Gymnastics Artistic', 'Hockey', 'Modern Pentathlon', 'Rowing', 'Sailing', 'Shooting', 'Swimming', 'Volleyball', 'Water Polo', 'Weightlifting', 'Wrestling Freestyle', 'Wrestling Greco-Roman']",12 Oct - 27 Oct,5516,112,172,Mexico 
Japan,1972,wintergames,https://www.olympic.org/sapporo-1972,10,"['Alpine Skiing', 'Biathlon', 'Bobsleigh', 'Cross Country Skiing', 'Figure skating', 'Ice Hockey', 'Luge', 'Nordic Combined', 'Ski Jumping', 'Speed skating']",03 Feb - 13 Feb,1006,35,35,Sapporo 
Germany,1972,summergames,https://www.olympic.org/munich-1972,28,"['Archery', 'Athletics', 'Basketball', 'Boxing', 'Canoe Slalom', 'Canoe Sprint', 'Cycling Road', 'Cycling Track', 'Diving', 'Equestrian  Dressage', 'Equestrian  Eventing', 'Equestrian  Jumping', 'Fencing', 'Football', 'Gymnastics Artistic', 'Handball', 'Hockey', 'Judo', 'Modern Pentathlon', 'Rowing', 'Sailing', 'Shooting', 'Swimming', 'Volleyball', 'Water Polo', 'Weightlifting', 'Wrestling Freestyle', 'Wrestling Greco-Roman']",26 Aug - 11 Sep,7134,121,195,Munich 
Canada,1976,summergames,https://www.olympic.org/montreal-1976,27,"['Archery', 'Athletics', 'Basketball', 'Boxing', 'Canoe Sprint', 'Cycling Road', 'Cycling Track', 'Diving', 'Equestrian  Dressage', 'Equestrian  Eventing', 'Equestrian  Jumping', 'Fencing', 'Football', 'Gymnastics Artistic', 'Handball', 'Hockey', 'Judo', 'Modern Pentathlon', 'Rowing', 'Sailing', 'Shooting', 'Swimming', 'Volleyball', 'Water Polo', 'Weightlifting', 'Wrestling Freestyle', 'Wrestling Greco-Roman']",17 Jul - 01 Aug,6084,92,198,Montreal 
Austria,1976,wintergames,https://www.olympic.org/innsbruck-1976,10,"['Alpine Skiing', 'Biathlon', 'Bobsleigh', 'Cross Country Skiing', 'Figure skating', 'Ice Hockey', 'Luge', 'Nordic Combined', 'Ski Jumping', 'Speed skating']",04 Feb - 15 Feb,1123,37,37,Innsbruck 
USSR,1980,summergames,https://www.olympic.org/moscow-1980,27,"['Archery', 'Athletics', 'Basketball', 'Boxing', 'Canoe Sprint', 'Cycling Road', 'Cycling Track', 'Diving', 'Equestrian  Dressage', 'Equestrian  Eventing', 'Equestrian  Jumping', 'Fencing', 'Football', 'Gymnastics Artistic', 'Handball', 'Hockey', 'Judo', 'Modern Pentathlon', 'Rowing', 'Sailing', 'Shooting', 'Swimming', 'Volleyball', 'Water Polo', 'Weightlifting', 'Wrestling Freestyle', 'Wrestling Greco-Roman']",19 Jul - 03 Aug,5179,80,203,Moscow 
United States,1980,wintergames,https://www.olympic.org/lake-placid-1980,10,"['Alpine Skiing', 'Biathlon', 'Bobsleigh', 'Cross Country Skiing', 'Figure skating', 'Ice Hockey', 'Luge', 'Nordic Combined', 'Ski Jumping', 'Speed skating']",13 Feb - 24 Feb,1072,37,38,Lake Placid 
Yugoslavia,1984,wintergames,https://www.olympic.org/sarajevo-1984,10,"['Alpine Skiing', 'Biathlon', 'Bobsleigh', 'Cross Country Skiing', 'Figure skating', 'Ice Hockey', 'Luge', 'Nordic Combined', 'Ski Jumping', 'Speed skating']",08 Feb - 19 Feb,1272,49,39,Sarajevo 
United States,1984,summergames,https://www.olympic.org/los-angeles-1984,29,"['Archery', 'Athletics', 'Basketball', 'Boxing', 'Canoe Sprint', 'Cycling Road', 'Cycling Track', 'Diving', 'Equestrian  Dressage', 'Equestrian  Eventing', 'Equestrian  Jumping', 'Fencing', 'Football', 'Gymnastics Artistic', 'Gymnastics Rhythmic', 'Handball', 'Hockey', 'Judo', 'Modern Pentathlon', 'Rowing', 'Sailing', 'Shooting', 'Swimming', 'Synchronized Swimming', 'Volleyball', 'Water Polo', 'Weightlifting', 'Wrestling Freestyle', 'Wrestling Greco-Roman']",28 Jul - 12 Aug,6829,140,221,Los Angeles 
"Korea, Rep.",1988,summergames,https://www.olympic.org/seoul-1988,31,"['Archery', 'Athletics', 'Basketball', 'Boxing', 'Canoe Sprint', 'Cycling Road', 'Cycling Track', 'Diving', 'Equestrian  Dressage', 'Equestrian  Eventing', 'Equestrian  Jumping', 'Fencing', 'Football', 'Gymnastics Artistic', 'Gymnastics Rhythmic', 'Handball', 'Hockey', 'Judo', 'Modern Pentathlon', 'Rowing', 'Sailing', 'Shooting', 'Swimming', 'Synchronized Swimming', 'Table Tennis', 'Tennis', 'Volleyball', 'Water Polo', 'Weightlifting', 'Wrestling Freestyle', 'Wrestling Greco-Roman']",17 Sep - 02 Oct,8397,159,237,Seoul 
Canada,1988,wintergames,https://www.olympic.org/calgary-1988,10,"['Alpine Skiing', 'Biathlon', 'Bobsleigh', 'Cross Country Skiing', 'Figure skating', 'Ice Hockey', 'Luge', 'Nordic Combined', 'Ski Jumping', 'Speed skating']",13 Feb - 28 Feb,1423,57,46,Calgary 
France,1992,wintergames,https://www.olympic.org/albertville-1992,12,"['Alpine Skiing', 'Biathlon', 'Bobsleigh', 'Cross Country Skiing', 'Figure skating', 'Freestyle Skiing', 'Ice Hockey', 'Luge', 'Nordic Combined', 'Short Track Speed Skating', 'Ski Jumping', 'Speed skating']",08 Feb - 23 Feb,1801,64,57,Albertville 
Spain,1992,summergames,https://www.olympic.org/barcelona-1992,34,"['Archery', 'Athletics', 'Badminton', 'Baseball', 'Basketball', 'Boxing', 'Canoe Slalom', 'Canoe Sprint', 'Cycling Road', 'Cycling Track', 'Diving', 'Equestrian  Dressage', 'Equestrian  Eventing', 'Equestrian  Jumping', 'Fencing', 'Football', 'Gymnastics Artistic', 'Gymnastics Rhythmic', 'Handball', 'Hockey', 'Judo', 'Modern Pentathlon', 'Rowing', 'Sailing', 'Shooting', 'Swimming', 'Synchronized Swimming', 'Table Tennis', 'Tennis', 'Volleyball', 'Water Polo', 'Weightlifting', 'Wrestling Freestyle', 'Wrestling Greco-Roman']",25 Jul - 09 Aug,9356,169,257,Barcelona 
Norway,1994,wintergames,https://www.olympic.org/lillehammer-1994,12,"['Alpine Skiing', 'Biathlon', 'Bobsleigh', 'Cross Country Skiing', 'Figure skating', 'Freestyle Skiing', 'Ice Hockey', 'Luge', 'Nordic Combined', 'Short Track Speed Skating', 'Ski Jumping', 'Speed skating']",12 Feb - 27 Feb,1737,67,61,Lillehammer 
United States,1996,summergames,https://www.olympic.org/atlanta-1996,37,"['Archery', 'Athletics', 'Badminton', 'Baseball', 'Basketball', 'Beach Volleyball', 'Boxing', 'Canoe Slalom', 'Canoe Sprint', 'Cycling Mountain Bike', 'Cycling Road', 'Cycling Track', 'Diving', 'Equestrian  Dressage', 'Equestrian  Eventing', 'Equestrian  Jumping', 'Fencing', 'Football', 'Gymnastics Artistic', 'Gymnastics Rhythmic', 'Handball', 'Hockey', 'Judo', 'Modern Pentathlon', 'Rowing', 'Sailing', 'Shooting', 'Softball', 'Swimming', 'Synchronized Swimming', 'Table Tennis', 'Tennis', 'Volleyball', 'Water Polo', 'Weightlifting', 'Wrestling Freestyle', 'Wrestling Greco-Roman']",19 Jul - 04 Aug,10318,197,271,Atlanta 
Japan,1998,wintergames,https://www.olympic.org/nagano-1998,14,"['Alpine Skiing', 'Biathlon', 'Bobsleigh', 'Cross Country Skiing', 'Curling', 'Figure skating', 'Freestyle Skiing', 'Ice Hockey', 'Luge', 'Nordic Combined', 'Short Track Speed Skating', 'Ski Jumping', 'Snowboard', 'Speed skating']",07 Feb - 22 Feb,2176,72,68,Nagano 
Australia,2000,summergames,https://www.olympic.org/sydney-2000,40,"['Archery', 'Athletics', 'Badminton', 'Baseball', 'Basketball', 'Beach Volleyball', 'Boxing', 'Canoe Slalom', 'Canoe Sprint', 'Cycling Mountain Bike', 'Cycling Road', 'Cycling Track', 'Diving', 'Equestrian  Dressage', 'Equestrian  Eventing', 'Equestrian  Jumping', 'Fencing', 'Football', 'Gymnastics Artistic', 'Gymnastics Rhythmic', 'Handball', 'Hockey', 'Judo', 'Modern Pentathlon', 'Rowing', 'Sailing', 'Shooting', 'Softball', 'Swimming', 'Synchronized Swimming', 'Table Tennis', 'Taekwondo', 'Tennis', 'Trampoline', 'Triathlon', 'Volleyball', 'Water Polo', 'Weightlifting', 'Wrestling Freestyle', 'Wrestling Greco-Roman']",15 Sep - 01 Oct,10651,199,300,Sydney 
United States,2002,wintergames,https://www.olympic.org/salt-lake-city-2002,15,"['Alpine Skiing', 'Biathlon', 'Bobsleigh', 'Cross Country Skiing', 'Curling', 'Figure skating', 'Freestyle Skiing', 'Ice Hockey', 'Luge', 'Nordic Combined', 'Short Track Speed Skating', 'Skeleton', 'Ski Jumping', 'Snowboard', 'Speed skating']",08 Feb - 24 Feb,2399,77,78,Salt Lake City 
Greece,2004,summergames,https://www.olympic.org/athens-2004,40,"['Archery', 'Athletics', 'Badminton', 'Baseball', 'Basketball', 'Beach Volleyball', 'Boxing', 'Canoe Slalom', 'Canoe Sprint', 'Cycling Mountain Bike', 'Cycling Road', 'Cycling Track', 'Diving', 'Equestrian  Dressage', 'Equestrian  Eventing', 'Equestrian  Jumping', 'Fencing', 'Football', 'Gymnastics Artistic', 'Gymnastics Rhythmic', 'Handball', 'Hockey', 'Judo', 'Modern Pentathlon', 'Rowing', 'Sailing', 'Shooting', 'Softball', 'Swimming', 'Synchronized Swimming', 'Table Tennis', 'Taekwondo', 'Tennis', 'Trampoline', 'Triathlon', 'Volleyball', 'Water Polo', 'Weightlifting', 'Wrestling Freestyle', 'Wrestling Greco-Roman']",13 Aug - 29 Aug,10625,201,301,Athens 
Italy,2006,wintergames,https://www.olympic.org/turin-2006,15,"['Alpine Skiing', 'Biathlon', 'Bobsleigh', 'Cross Country Skiing', 'Curling', 'Figure skating', 'Freestyle Skiing', 'Ice Hockey', 'Luge', 'Nordic Combined', 'Short Track Speed Skating', 'Skeleton', 'Ski Jumping', 'Snowboard', 'Speed skating']",10 Feb - 26 Feb,2508,80,84,Turin 
China,2008,summergames,https://www.olympic.org/beijing-2008,41,"['Archery', 'Athletics', 'Badminton', 'Baseball', 'Basketball', 'Beach Volleyball', 'Boxing', 'Canoe Slalom', 'Canoe Sprint', 'Cycling BMX', 'Cycling Mountain Bike', 'Cycling Road', 'Cycling Track', 'Diving', 'Equestrian  Dressage', 'Equestrian  Eventing', 'Equestrian  Jumping', 'Fencing', 'Football', 'Gymnastics Artistic', 'Gymnastics Rhythmic', 'Handball', 'Hockey', 'Judo', 'Modern Pentathlon', 'Rowing', 'Sailing', 'Shooting', 'Softball', 'Swimming', 'Synchronized Swimming', 'Table Tennis', 'Taekwondo', 'Tennis', 'Trampoline', 'Triathlon', 'Volleyball', 'Water Polo', 'Weightlifting', 'Wrestling Freestyle', 'Wrestling Greco-Roman']",08 Aug - 24 Aug,10942,204,302,Beijing 
Singapore,2010,youthgames,https://www.olympic.org/singapore-2010,0,[],14 Aug - 26 Aug,3524,204,201,Singapore 
Canada,2010,wintergames,https://www.olympic.org/vancouver-2010,15,"['Alpine Skiing', 'Biathlon', 'Bobsleigh', 'Cross Country Skiing', 'Curling', 'Figure skating', 'Freestyle Skiing', 'Ice Hockey', 'Luge', 'Nordic Combined', 'Short Track Speed Skating', 'Skeleton', 'Ski Jumping', 'Snowboard', 'Speed skating']",12 Feb - 28 Feb,2566,82,86,Vancouver 
Austria,2012,youthgames,https://www.olympic.org/innsbruck-2012,0,[],13 Jan - 22 Jan,1022,69,63,Innsbruck 
United Kingdom,2012,summergames,https://www.olympic.org/london-2012,36,"['Archery', 'Athletics', 'Badminton', 'Basketball', 'Beach Volleyball', 'Boxing', 'Canoe Slalom', 'Canoe Sprint', 'Cycling BMX', 'Cycling Mountain Bike', 'Cycling Road', 'Cycling Track', 'Diving', 'Equestrian', 'Fencing', 'Football', 'Gymnastics Artistic', 'Gymnastics Rhythmic', 'Handball', 'Hockey', 'Judo', 'Modern Pentathlon', 'Rowing', 'Sailing', 'Shooting', 'Swimming', 'Synchronized Swimming', 'Table Tennis', 'Taekwondo', 'Tennis', 'Trampoline', 'Triathlon', 'Volleyball', 'Water Polo', 'Weightlifting', 'Wrestling']",27 Jul - 12 Aug,10568,204,302,London 
Russian Federation,2014,wintergames,https://www.olympic.org/sochi-2014,15,"['Alpine Skiing', 'Biathlon', 'Bobsleigh', 'Cross Country Skiing', 'Curling', 'Figure skating', 'Freestyle Skiing', 'Ice Hockey', 'Luge', 'Nordic Combined', 'Short Track Speed Skating', 'Skeleton', 'Ski Jumping', 'Snowboard', 'Speed skating']",07 Feb - 23 Feb,2780,88,98,Sochi 
China,2014,youthgames,https://www.olympic.org/nanjing-2014,0,[],16 Aug - 28 Aug,3579,203,222,Nanjing 
Norway,2016,youthgames,https://www.olympic.org/lillehammer-2016,0,[],12 Feb - 21 Feb,1067,71,70,Lillehammer 
Brazil,2016,summergames,https://www.olympic.org/rio-2016,39,"['Archery', 'Athletics', 'Badminton', 'Basketball', 'Beach Volleyball', 'Boxing', 'Canoe Slalom', 'Canoe Sprint', 'Cycling BMX', 'Cycling Mountain Bike', 'Cycling Road', 'Cycling Track', 'Diving', 'Equestrian', 'Fencing', 'Football', 'Golf', 'Gymnastics Artistic', 'Gymnastics Rhythmic', 'Handball', 'Hockey', 'Judo', 'Marathon Swimming', 'Modern Pentathlon', 'Rowing', 'Rugby', 'Sailing', 'Shooting', 'Swimming', 'Synchronized Swimming', 'Table Tennis', 'Taekwondo', 'Tennis', 'Trampoline', 'Triathlon', 'Volleyball', 'Water Polo', 'Weightlifting', 'Wrestling']",05 Aug - 21 Aug,11238,207,306,Rio 
"Korea, Rep.",2018,wintergames,https://www.olympic.org/pyeongchang-2018,15,"['Alpine Skiing', 'Biathlon', 'Bobsleigh', 'Cross Country Skiing', 'Curling', 'Figure skating', 'Freestyle Skiing', 'Ice Hockey', 'Luge', 'Nordic Combined', 'Short Track', 'Skeleton', 'Ski Jumping', 'Snowboard', 'Speed skating']",09 Feb - 25 Feb,2833,92,102,PyeongChang 
Argentina,2018,youthgames,https://www.olympic.org/buenos-aires-2018,0,[],06 Oct - 18 Oct,4000,206,239,Buenos Aires 
Japan,2020,summergames,https://www.olympic.org/tokyo-2020,0,[],23 Jul - 08 Aug,,,,Tokyo 
Switzerland,2020,youthgames,https://www.olympic.org/lausanne-2020,0,[],09 Jan - 22 Jan,1872,79,81,Lausanne 
China,2022,wintergames,https://www.olympic.org/beijing-2022,0,[],04 Feb - 20 Feb,,,,Beijing 
Senegal,2022,youthgames,https://www.olympic.org/dakar-2022,0,[],22 Oct - 09 Nov,,,,Dakar 
France,2024,summergames,https://www.olympic.org/paris-2024,0,[],26 Jul - 11 Aug,,,,Paris 
Italy,2026,wintergames,https://www.olympic.org/milano-cortina-2026,0,[],,,,,Milano Cortina 
United States,2028,summergames,https://www.olympic.org/la-2028,0,[],,,,,LA 